<?xml version="1.0" encoding="UTF-8"?>
<project-private xmlns="http://www.netbeans.org/ns/project-private/1">
    <editor-bookmarks xmlns="http://www.netbeans.org/ns/editor-bookmarks/2" lastBookmarkId="0"/>
    <open-files xmlns="http://www.netbeans.org/ns/projectui-open-files/2">
        <group>
            <file>file:/C:/Users/Aitor%20Alday/Desktop/PROYECTO1718/PROYECTO1718/PROGRAMACION/Proyecto1718/src/MisVentanas/DLogin.java</file>
            <file>file:/C:/Users/Aitor%20Alday/Desktop/PROYECTO1718/PROYECTO1718/PROGRAMACION/Proyecto1718/src/MisVentanas/VPrincipal.java</file>
            <file>file:/C:/Users/Aitor%20Alday/Desktop/PROYECTO1718/PROYECTO1718/PROGRAMACION/Proyecto1718/src/proyecto/Proyecto.java</file>
        </group>
    </open-files>
</project-private>
